Tahun,Wilayah,Intercept_Beta0,Beta_RLS,Beta_STS,Beta_PPK,t_Intercept,t_RLS,t_STS,t_PPK,Local_R2,Condition_Number
2021,Biak Numfor,0.3718832134464603,-0.0087048372633418,-0.2211898723466132,-0.5064499269084463,3.081203344230009,-0.029052303900260916,-0.9667278090630085,-2.4708489410726915,0.6680114789662328,0.014567077439777828
2021,Jayapura,-0.33304368994872047,-0.3976878658426425,-0.5193080582159959,-0.11122914302666374,-2.6662815703116824,-1.1810037336563404,-1.729499626625224,-0.5390454385540413,0.8772595189791449,0.08977598027828103
2021,Keerom,-0.4087539868280239,-0.36914455411141944,-0.6352858693320917,-0.0606456145727827,-3.1917677863980436,-1.0736634672928855,-2.0408212099676857,-0.2876034801946672,0.8810821760668919,0.05235064687413023
2021,Kepulauan Yapen,0.31399840822132047,-0.02953233520683498,-0.24547615009284146,-0.5005563542260183,2.6901566233863026,-0.09865997462730071,-1.045457939925348,-2.3420275632498555,0.7273152199591155,0.04201270412808532
2021,Kota Jayapura,-0.4117909282405616,-0.44656379543812874,-0.5734023455095852,-0.034677751783087254,-3.0327811423612125,-1.2383084011635463,-1.7544058777955387,-0.15811014027935483,0.882960189580637,0.01560236371485261
2021,Mamberamo Raya,0.08318701515383883,-0.275905430773342,-0.25541394811219864,-0.3068210084528005,0.6733224588390803,-0.7317365770191377,-0.8035766578449924,-1.299589967124772,0.8316556502591466,0.11339192782508606
2021,Sarmi,-0.2676409585823855,-0.47572352460524164,-0.3872061689272052,-0.13636002190025404,-2.079010677949028,-1.362714051495376,-1.264170493469907,-0.6523416669645319,0.8746570955334989,0.09015901912260958
2021,Supiori,0.3618877871565967,-0.04931078119125622,-0.17303331310151468,-0.4895316642803804,2.953266232319891,-0.16584211052423423,-0.7670399011720866,-2.4251118803154994,0.648402586045997,0.04257811509973431
2021,Waropen,0.21614544704133687,-0.06073044624126436,-0.29809030681373455,-0.47320625184673915,1.74557089532624,-0.1713745610989765,-1.069415786738133,-1.7902282546559956,0.7828192481699215,0.016400663906638697
2021,Jayawijaya,-0.2695685940772004,-0.3028506268062899,-0.5343327304672343,-0.17457938956532282,-2.3592657967966435,-0.9541811639310424,-1.9308370229695158,-0.8853697213658522,0.8595161207044876,0.11821064299240762
2021,Lanny Jaya,-0.17196441204399204,-0.27561832497269484,-0.46186964214253495,-0.23273479774559278,-1.4961250357128486,-0.8482008259687533,-1.6683811982556742,-1.1085443348540405,0.8441388646413821,0.09690104765258487
2021,Mamberamo Tengah,-0.24806793698725554,-0.3331471049634748,-0.4803101617874655,-0.18582073288883913,-2.1429604997599094,-1.0427063833178656,-1.7140938612490113,-0.9445657707776511,0.8649804567361786,0.044464204717237804
2021,Nduga,-0.17569634363104875,-0.25572540541411964,-0.4910059929047405,-0.2206245315419862,-1.5010166618329455,-0.7767343955774488,-1.7734083662251374,-0.9810186717293852,0.8362296850438077,0.013623847116126433
2021,Pegunungan Bintang,-0.4052015196170966,-0.2585538017027611,-0.709549468361274,-0.11298206592972276,-3.417607011770549,-0.8020398139698005,-2.479597003372331,-0.5634552963887696,0.8826609258826911,0.089601149150968
2021,Tolikara,-0.15853188760358192,-0.3067665010788394,-0.4211232480897428,-0.23845007743110808,-1.3665038635050564,-0.9310693455969211,-1.490935994201101,-1.1656090443074958,0.8509636649010467,0.055132219465440314
2021,Yahukimo,-0.3307139871468384,-0.2736499401859352,-0.6142922731309578,-0.15670836437801977,-2.9076370685835364,-0.8731875145214724,-2.2341865953569284,-0.8059953084447278,0.8708359294049126,0.04567956438793694
2021,Yalimo,-0.32909467557542016,-0.3492618954725208,-0.5616983171704153,-0.12300367519595042,-2.7412970231613527,-1.0680368514385175,-1.9359698499170317,-0.6125944537663567,0.8702225884247367,0.01843619986944285
2021,Asmat,-0.350355420201135,-0.17157232674582948,-0.71563311307882,-0.1810407050804089,-3.031339041238531,-0.5502529506233044,-2.6895575537523397,-0.8819953066856554,0.8683333940302655,0.13004970815347922
2021,Boven Digoel,-0.42937319328224033,-0.15599573745690198,-0.8083965764234693,-0.14520804548254612,-3.528452976763134,-0.48451592828046336,-2.868533669163004,-0.7207564310018492,0.887934062306944,0.10682152723587457
2021,Mappi,-0.4247632680218788,-0.1254250770514454,-0.83590312856079,-0.1497361801806313,-3.3751200745587133,-0.38782589091507597,-3.0163038331501606,-0.7040894467016322,0.8824068555127031,0.04810413607756655
2021,Merauke,-0.49381001930311286,-0.08006763964601295,-0.965605958338151,-0.10253834051421146,-3.4519798047258834,-0.2306439662557179,-3.1994451605691236,-0.44193789802720396,0.8943357809828154,0.015263877844686044
2021,Deiyai,0.10730045345526132,-0.08546826901773127,-0.3511181931039595,-0.46901302202346296,0.8189188875097657,-0.2184739014879913,-1.1365671579790442,-1.53402527024681,0.7975098461886209,0.1421709839080448
2021,Dogiyai,0.15149344004673052,-0.21313830085776014,-0.22019943409349468,-0.48098891966090224,1.2222084965822704,-0.5968052585124819,-0.7948774045285113,-1.6724670029467525,0.7794515820625149,0.10102633422406276
2021,Intan Jaya,0.13390307700469026,-0.11005981676256549,-0.3236550566825372,-0.43006383186340225,1.0824212222771445,-0.3026799892416523,-1.124180010286121,-1.5623205096496362,0.7941285013124624,0.05573878352920061
2021,Mimika,0.03141193022533377,-0.12612412950710575,-0.40227679898103924,-0.36600720285247573,0.23708206930120712,-0.3265892152334999,-1.3135419171150764,-1.2250213929845635,0.8013599222524072,0.016572640651410637
2021,Nabire,0.2141287636033116,-0.1586973629574963,-0.21373236460148104,-0.5032687853454826,1.8414965361726399,-0.5015814586955543,-0.86413684026316,-2.116751222041122,0.7639031631262804,0.12187083522255868
2021,Paniai,0.1452048459479282,-0.076155162816984,-0.3273589165144322,-0.4899838006241731,1.1328095227228574,-0.20152797383758866,-1.1033610865379349,-1.6717371992374772,0.7936959432131439,0.09381520606647926
2021,Puncak,0.041643351663210613,-0.18984073195427628,-0.37621453301223545,-0.308181568391114,0.3077005144538735,-0.4964436423443999,-1.226780239274633,-1.0707519883118495,0.8148018711633915,0.04369420948324832
2021,Puncak Jaya,-0.03517373010609573,-0.258861260288265,-0.37525134736316146,-0.2743035219006989,-0.2794515860483607,-0.7112944915848745,-1.2529903845583696,-1.0846523589351902,0.8283666964138207,0.015015598752346239
2021,Fak Fak,0.13687409588869454,-0.8544751046449955,0.23707936711150243,-0.16565458742953124,1.2016921495223183,-3.0157936027916192,1.164086553656805,-0.9683818060304724,0.6668280325897228,0.08840852268645291
2021,Kaimana,0.21019811235130265,-0.7089778763567443,0.082184472802607,-0.20840954744969742,1.765385027748435,-2.48259408423792,0.38304107670740284,-1.0941498893809722,0.6660342790797882,0.050888955140156074
2021,Manokwari,0.15370217622082472,-0.5113927932465296,0.17142886565270662,-0.3295279704397918,1.301073440917766,-1.8610899507543637,0.8291257146448202,-1.9619828332122016,0.6870942864202856,0.040747223226095
2021,Pegunungan Arfak,0.15138904897605165,-0.5488013051169267,0.17917348619974538,-0.3123691628501301,1.2929258294317194,-2.002735568688374,0.870856388848856,-1.8639816928837019,0.684919526386728,0.015332649200138614
2021,Teluk Bintuni,0.12772006713738973,-0.712722701232043,0.23127849850666243,-0.24094259415318334,1.1058397113081218,-2.580194481348904,1.1314180538284506,-1.4366996800737843,0.6786483031076355,0.1255799290880008
2021,Teluk Wondama,0.25057675947969127,-0.4968840989880235,0.02019167801145212,-0.3064550563627679,2.194143871877871,-1.8433276760612252,0.09760171008748185,-1.6792553505123717,0.658744793650569,0.0776966915665347
2021,Manokwari Selatan,0.1977888668985436,-0.49030361559709484,0.1112740118068439,-0.3239732598803101,1.7234977179430135,-1.8045561382453699,0.5448403285559723,-1.9143932336346372,0.675599375079236,0.06986893655896252
2021,Kota Sorong,0.019541686807119735,-0.7634117220689635,0.37484286981080955,-0.2495739594244813,0.15158665125974713,-2.6617685965214988,1.7262419520530805,-1.4608114785887683,0.6907842129536472,0.013055239516844199
2021,Maybrat,0.07797899837982056,-0.7068484691667092,0.2938899684602988,-0.26014916062225907,0.6430664263147469,-2.5241618607935994,1.4020044161850906,-1.5449916139966071,0.6881030848167313,0.10073845259126034
2021,Raja Ampat,0.0009613499681536408,-0.8907373336674598,0.41932425014642044,-0.19272891182189453,0.0074016952229454735,-3.0258983843700458,1.9073749740983144,-1.104873322948296,0.6816120791969054,0.07658299029429713
2021,Sorong,0.030663509923104265,-0.7697758443236344,0.3622701233328328,-0.2434862943308958,0.24165207625259452,-2.6923917658665566,1.6823350055457638,-1.4278140856889954,0.6892300232209434,0.03888092693996381
2021,Sorong Selatan,0.06155942847609003,-0.7643677860089835,0.3232023961261356,-0.23728961057265557,0.5036662993724313,-2.7024208256990696,1.532169953516707,-1.4004562749339655,0.6861419974739941,0.013211172937442511
2021,Tambrauw,0.07771820152861082,-0.6452848230773897,0.28500367913220603,-0.2897657766785765,0.631724537209775,-2.3086823292378713,1.3516484710852716,-1.723311640518245,0.6926525342702264,0.10558902897210344
2022,Biak Numfor,0.36196369001317164,-0.13533480425254726,-0.07512112201469351,-0.5288141350261994,2.7811720813336263,-0.5183236201888141,-0.34056122884027185,-2.5049660661483313,0.6763541851019913,0.016938474385263046
2022,Jayapura,-0.2796669104760604,-0.6850776792204075,-0.15933928959926233,-0.09713110200936491,-2.089779956513743,-2.3539521921042494,-0.5985130535616907,-0.46594638894078605,0.8576349233892833,0.0681737208140577
2022,Keerom,-0.3713090990081556,-0.6174458287390928,-0.3041850387761564,-0.05531770520367252,-2.611226504114684,-1.9712310297052267,-1.0353337724870597,-0.25696425231394626,0.8596593314245948,0.04865569982293559
2022,Kepulauan Yapen,0.33894623550190706,-0.3155705042087147,0.06869480771773166,-0.5249159652628239,2.717340272344924,-1.2794834286993033,0.3265148177936018,-2.3563879287307787,0.7280896054257193,0.044565872794720546
2022,Kota Jayapura,-0.4106997635198788,-0.5835675465701231,-0.37315853759109185,-0.03379841591697724,-2.595345232919109,-1.6718520776662553,-1.1057487050518395,-0.1516240125581399,0.8662722544313696,0.01790940058338432
2022,Mamberamo Raya,0.18775374274545648,-0.7382128138519135,0.28133063927421326,-0.2999486866223486,1.5465782696145496,-2.8429508173268463,1.2632804651895921,-1.2728426781466553,0.8064810070587498,0.08470018505602839
2022,Sarmi,-0.21413237171589805,-0.7391218832948132,-0.06080090780914003,-0.1254770999839595,-1.5613388763895804,-2.4841325679325017,-0.22463569730236835,-0.5993542241430091,0.8567395462606853,0.07087588577171733
2022,Supiori,0.34151230036035046,-0.11276453241717418,-0.08299009009594085,-0.5127649782683487,2.5393748603094823,-0.4298287479811019,-0.3830046199494971,-2.4686754462212903,0.6555725037006062,0.04345549802287302
2022,Waropen,0.2793040847299488,-0.48547207704839734,0.1712205986241516,-0.47832856139271046,2.190385337173335,-1.8755066640277167,0.8127687484276372,-1.8133689457962379,0.7675573426843414,0.020220043857444494
2022,Jayawijaya,-0.16120424522292853,-0.7592027331239899,0.020937775856724627,-0.16166159950320488,-1.3863407577526046,-2.9844171025869723,0.09657571338596069,-0.8121893982611001,0.8318394471483949,0.09811212186225177
2022,Lanny Jaya,-0.05682852508322456,-0.7718953746577715,0.1272966192789682,-0.21889419070294405,-0.4897792645413432,-3.078289919307815,0.6058049908570162,-1.038882846357614,0.8142211346942849,0.08632069681747091
2022,Mamberamo Tengah,-0.1525704574096972,-0.7520036430833013,0.02174152657247508,-0.1651217278456322,-1.2909849337923927,-2.9428793813829484,0.09821151095060612,-0.833606215162048,0.8414166011853186,0.04634286617507708
2022,Nduga,-0.05200955124895306,-0.7721934238989944,0.1338146211761058,-0.2211310038923127,-0.44158786387225957,-3.0424694942297994,0.6375895427083976,-0.9763454048239647,0.8027844483349277,0.015558709747875063
2022,Pegunungan Bintang,-0.32708802058408154,-0.639464383663053,-0.21598755429208988,-0.11780072903192448,-2.5954822511504854,-2.2911448996376884,-0.8754426865256031,-0.5710635678063697,0.8545266900343753,0.06083079278868566
2022,Tolikara,-0.05253895735760047,-0.7758359037909297,0.12754819904592396,-0.21572882381348804,-0.44697903460560395,-3.0628536532010022,0.5961947027459357,-1.0525785286139084,0.8239737811720773,0.044263121152192476
2022,Yahukimo,-0.2283347135758559,-0.7175449554729189,-0.062195537901749934,-0.15213122769280538,-1.9447185058713086,-2.771228157821412,-0.27954542278061945,-0.7673466390219795,0.8429402169828016,0.04962333925030194
2022,Yalimo,-0.24779699814641734,-0.7216256780754855,-0.10044266243831959,-0.10812429303234929,-1.9833607646813873,-2.6459886166647872,-0.4168610209234792,-0.5322976729261443,0.8459788079503459,0.025041401630928415
2022,Asmat,-0.21421144413768495,-0.7126537397286992,-0.00630615987193358,-0.23773419042125343,-1.8078054203278595,-2.7421964275406543,-0.02997750688841637,-1.1166022024600195,0.8316703422661563,0.12183906715618793
2022,Boven Digoel,-0.3245205875990462,-0.6263266347431858,-0.17866994971748826,-0.1950854201826187,-2.5776945508932694,-2.2899770352572104,-0.7873680537832877,-0.9316545415786858,0.8520415854529163,0.11388692997765279
2022,Mappi,-0.29013755784114303,-0.6572234035860857,-0.09487657933342211,-0.2538727506882826,-2.266033261595131,-2.3963750207862495,-0.440471129664723,-1.1364643224629005,0.8421604994731199,0.04968859546887701
2022,Merauke,-0.36381357918790846,-0.5824418865265317,-0.19731400235609775,-0.27483092645702867,-2.528547083730188,-1.9484240211034076,-0.8723093209148799,-1.1054985100379462,0.8485270595756708,0.014737825115250326
2022,Deiyai,0.17650929327569312,-0.543253642760622,0.17422690475420421,-0.5044666868044074,1.306899527913356,-1.8965546863885656,0.7764525141703172,-1.6492810716553443,0.7824830324517534,0.06742554502940801
2022,Dogiyai,0.18498896210959678,-0.517042955747535,0.13595311232973967,-0.5371418405549846,1.3977281233579748,-1.8300703120498882,0.6047380291630735,-1.864240758338191,0.7793419861952562,0.04959461294593692
2022,Intan Jaya,0.2021583591958013,-0.5595542250068152,0.18789623739661657,-0.44898105966552343,1.6047082654059017,-2.126981874260676,0.8855498784125453,-1.639736836257221,0.774441095204686,0.05553214793346167
2022,Mimika,0.12427998818841093,-0.6455955198679496,0.2034559831426721,-0.39124203331881535,0.9258534445727479,-2.3268166566797004,0.9329542532535886,-1.307465286380564,0.7746310316512819,0.018809199267725632
2022,Nabire,0.2424301016175236,-0.44000565443420836,0.10885076841151305,-0.5526128071954844,1.9437121186106574,-1.730978345090521,0.5178996701909163,-2.307284894208625,0.7638581887272159,0.08852839367308292
2022,Paniai,0.20878716813904735,-0.5095169785790067,0.16470781373039628,-0.5205793163438056,1.5783817593721445,-1.838966537758691,0.7470907771450569,-1.7825596793614542,0.7799927348806994,0.07325926943152922
2022,Puncak,0.14302727854046224,-0.7042906800983354,0.2193623587360553,-0.30966683780919935,1.0643072095096604,-2.619744793375639,1.0151627547893127,-1.0896269182661469,0.7787004336426597,0.043829024482047
2022,Puncak Jaya,0.07228756476128304,-0.7611594475309956,0.20803550051088912,-0.2640866091908136,0.5760145921343099,-2.9027967067056286,0.9674760852627365,-1.0543051911607786,0.7946722160264533,0.018086688930082098
2022,Fak Fak,0.08516873335712782,-0.7705996164406956,0.2361421185830873,-0.20913925359989408,0.6662138355201269,-3.31076695053781,1.3025975132661316,-1.1894611974125144,0.6689990487166393,0.06882625342754028
2022,Kaimana,0.17364527481635145,-0.7036531443316888,0.13144536580236027,-0.26412848511282544,1.3051408260619335,-3.0686239716635093,0.6873184840999754,-1.3554141102852653,0.6811321413447927,0.04695095678112605
2022,Manokwari,0.12493571939587525,-0.4381295383963594,0.16291605986789964,-0.36840934211641646,0.9393998172641599,-1.8237619212576048,0.8502560277541995,-2.122516154606509,0.6845756383486531,0.04314283853125236
2022,Pegunungan Arfak,0.12059398281470474,-0.47463212179235126,0.17158062177894945,-0.35174208000398255,0.9144966556120394,-1.9978486697845337,0.9026045224767384,-2.0317424892047966,0.682716951328218,0.01625973739593593
2022,Teluk Bintuni,0.08767992057087444,-0.6239640003854224,0.21958244756563908,-0.28266706223321875,0.6743259275133456,-2.668478442488698,1.175790677216585,-1.6340389480377986,0.6767740861711585,0.06700254328160517
2022,Teluk Wondama,0.22679055505320952,-0.5097715377037614,0.0731091422046938,-0.35169172281217265,1.789561144161437,-2.333263627182318,0.3973592368656279,-1.8715698643852021,0.6699505216918168,0.04437905289359976
2022,Manokwari Selatan,0.16734343928583373,-0.4459085795937817,0.12536007298132656,-0.36155334599284994,1.2973348614137297,-1.9202283156031166,0.6705262530925112,-2.0701303651837653,0.6765806230138662,0.06957933589096381
2022,Kota Sorong,-0.011936311262184335,-0.6133632582960715,0.30670367717143265,-0.29274409876141533,-0.08302213120809303,-2.41952959726227,1.5220554177876866,-1.6565371625742056,0.6815153283221106,0.013521129306322457
2022,Maybrat,0.04351086960896455,-0.5884818302175899,0.2548959602740133,-0.302586560518246,0.319177813958208,-2.414744160728961,1.311477651961292,-1.7389376168166848,0.682139996857404,0.06471373788804326
2022,Raja Ampat,-0.04030097872476138,-0.7261604187466275,0.3469295779982429,-0.23674352536859583,-0.2777602475093724,-2.8234637367338427,1.7100802590418651,-1.314143403620589,0.6713293786363694,0.04700296372510774
2022,Sorong,-0.0030483279878275593,-0.6248679433999631,0.3005672900305418,-0.28675798443252365,-0.02148353048648234,-2.4867619766778075,1.5044124420046243,-1.6263930960930622,0.6805904383464809,0.039618598689274406
2022,Sorong Selatan,0.024178332588991894,-0.635529582116434,0.2781146544572437,-0.28042487244351333,0.17605906810075322,-2.589331099779797,1.4239821422112877,-1.6021813767345359,0.6794140115205439,0.013462694157712273
2022,Tambrauw,0.048433985768541826,-0.528051434215364,0.242514452258174,-0.33159722086124316,0.3508490232150416,-2.143909127877736,1.2360341292256252,-1.906520547584686,0.6863256599641057,0.06287787223275335
2023,Biak Numfor,0.3801731448143557,0.041391983729228164,-0.2737495823221727,-0.5208656933945935,2.99677083051971,0.13695657542616618,-0.9911617070011803,-2.5973662970537803,0.701886760528472,0.016093696428938445
2023,Jayapura,-0.28082735726896607,-0.5466321945106424,-0.3154808095079616,-0.10704738117306646,-2.121173658767624,-1.5277614002378344,-0.947567124135265,-0.5245434747077494,0.8768086111731518,0.09134119840244216
2023,Keerom,-0.34868752089772875,-0.4871305129785463,-0.42062073099588226,-0.07897785530875294,-2.5389837382240925,-1.3005143565794677,-1.212866624942778,-0.3760811960102663,0.8776907142762242,0.07628126746238688
2023,Kepulauan Yapen,0.3470555465101901,-0.16745340112951157,-0.11663168178046111,-0.5101462443529878,2.8680336527214725,-0.5574696945572214,-0.4286480390511663,-2.4068609554761293,0.7580636789601325,0.04021472522781012
2023,Kota Jayapura,-0.37572782530370025,-0.448540287482553,-0.47496336695749736,-0.07057406008509903,-2.535000640097876,-1.091543660714283,-1.2565063397309337,-0.3226915435464554,0.8839981908156898,0.017527758284120613
2023,Mamberamo Raya,0.17580537726180673,-0.7115362877050878,0.1787906936951197,-0.24844461128034617,1.478597203901795,-2.0288343681759895,0.5434815147810355,-1.094649845925557,0.8383793342486681,0.12802044912497465
2023,Sarmi,-0.236435450140805,-0.5599574040581323,-0.2727744167270325,-0.13453550696261135,-1.7471718617675656,-1.5287976384069097,-0.8053683344580977,-0.6530822363620233,0.8776583294986496,0.11084750547764573
2023,Supiori,0.3520359071314795,0.0386403086726453,-0.2434766545547447,-0.5118734134222175,2.684257377963282,0.13069319541279475,-0.9004526899563484,-2.594821594689482,0.6777497899592752,0.041647517236306296
2023,Waropen,0.283561114516568,-0.4879164752200255,0.12399397297831086,-0.4316185731959994,2.325766933479843,-1.4343174715471743,0.40791706126666183,-1.7191668500491937,0.8032130740082635,0.018860489971741095
2023,Jayawijaya,-0.17031022993702155,-0.6983985804817008,-0.09865610776310688,-0.13189988503957487,-1.4736665008964607,-2.1775466779769803,-0.3338926572733611,-0.676885840475128,0.854166033673371,0.14030087065027416
2023,Lanny Jaya,-0.06305414240327185,-0.7679722251321741,0.04948474749342888,-0.16758103040215075,-0.5500344300780476,-2.3996895404835024,0.16801803934594295,-0.814399344887719,0.8406565925516003,0.12026943107402091
2023,Mamberamo Tengah,-0.16701055875823595,-0.6652704071811528,-0.12041596217854925,-0.14472817199993288,-1.4145446475189358,-2.0547233026685245,-0.40084179638303685,-0.7450814145534221,0.8632182701451891,0.04410089805949826
2023,Nduga,-0.05000334522735246,-0.8026263906715687,0.0889152289654398,-0.15956700519865416,-0.4320212646860639,-2.4940273955950736,0.30136799942490033,-0.7282858687062264,0.8302050242749964,0.014642980809606904
2023,Pegunungan Bintang,-0.3183225215874597,-0.506496734183969,-0.36202515687398457,-0.12036582870963128,-2.583162642496599,-1.49583232281229,-1.165548537097139,-0.5992215835105523,0.8731084547752703,0.09022884948777675
2023,Tolikara,-0.06825484592775272,-0.7314322097371739,0.010536372780712261,-0.17486197561702796,-0.5855709827660237,-2.253638644109463,0.03524342033312699,-0.86906321532331,0.850061224959892,0.07403403048796978
2023,Yahukimo,-0.23345697533112636,-0.6237667291905267,-0.20132801161049602,-0.1329189940456825,-2.0121103120722976,-1.9390019993039447,-0.6809366601614112,-0.6865115209650909,0.8631779474692507,0.04492492740300541
2023,Yalimo,-0.25245154282707477,-0.6133467620499371,-0.24272602148592723,-0.10234805547602831,-2.0219792751150916,-1.8137537278739035,-0.7745362464981762,-0.5155750971434413,0.8661519841858368,0.02196800258546237
2023,Asmat,-0.21723673291537116,-0.6594883329570966,-0.13052012792677053,-0.18207246555625967,-1.8968234674808677,-2.0726141932102564,-0.456095410455197,-0.8805763126033306,0.8529228101799518,0.1688576304560885
2023,Boven Digoel,-0.32035471489352674,-0.4926515397791107,-0.3465642300869992,-0.1728506679046815,-2.606662202707137,-1.4846888018808346,-1.1628174216521703,-0.8486824162753567,0.8711047438530465,0.1428863889574533
2023,Mappi,-0.2914671812735375,-0.563518391299729,-0.2534763741198981,-0.19849031079095386,-2.335245465886508,-1.7071770106975628,-0.8665733499654457,-0.9220025383639674,0.8620756403983472,0.04783161413027922
2023,Merauke,-0.35854843304979706,-0.45732535463427776,-0.3766405010482375,-0.21817990931431358,-2.5367661410633637,-1.292764150735488,-1.219191947927691,-0.922164272153866,0.8681091334048281,0.014137237295420296
2023,Deiyai,0.18356841982903443,-0.6596244389465343,0.2363941577622761,-0.4281016986941981,1.3994998330373636,-1.8039956280877831,0.7035779170936746,-1.4799093351272568,0.8158966223550314,0.12299881317348411
2023,Dogiyai,0.18279375449804416,-0.5420725918579616,0.11704384663441464,-0.4864589828625999,1.453497983690589,-1.4906414811428728,0.35871167300051565,-1.7700640974409052,0.8064731794260859,0.10822317339093036
2023,Intan Jaya,0.20975345375973026,-0.6378370416123744,0.2077623415716535,-0.3809423595618037,1.7215660382002462,-1.8652353804540527,0.6737149165337344,-1.4693497413384708,0.8091493187395227,0.051512036793236564
2023,Mimika,0.14321513050173623,-0.7986752842238581,0.2949926263748773,-0.30699301454211037,1.076235701589977,-2.311907803378273,0.9269726286477004,-1.092548108808613,0.8092057298014366,0.018312765460761184
2023,Nabire,0.24301813212958742,-0.4026928172236039,0.033947611885029746,-0.5237831794293927,2.039269142939695,-1.2626095919883515,0.11847456803776503,-2.3009570287401107,0.7921216045596577,0.13415596162997395
2023,Paniai,0.21435381860773245,-0.587285973994801,0.19091685800848127,-0.4543030056510644,1.6818503704657264,-1.6243571924731561,0.5806300554973426,-1.6373182826627306,0.8140422928762143,0.1147144617290758
2023,Puncak,0.15411998399809276,-0.7929377461389217,0.23433888712178708,-0.2295829370632355,1.1647498226893929,-2.267593489362693,0.7327492703122409,-0.8571483779054747,0.8168877182782538,0.04243635723612777
2023,Puncak Jaya,0.07100268633454766,-0.7899347113414105,0.1569625280402208,-0.19544070046781065,0.5731904195569953,-2.317101550115128,0.5025742280213187,-0.8138419883993175,0.8281592111305949,0.01719988785464982
2023,Fak Fak,0.06086166668342674,-0.7376018188985762,0.22085034544643745,-0.23161457205072655,0.48963347342499275,-2.8353307718163063,0.9503699385414585,-1.3685075149564803,0.6659842944378117,0.08741283812572079
2023,Kaimana,0.15389397953221196,-0.6419318786866547,0.07326641460476528,-0.2748771194660627,1.199071201225054,-2.4043451941264236,0.2890161788695684,-1.4811585662778546,0.6901785802594056,0.07311270497939454
2023,Manokwari,0.11038565988604063,-0.3782396608323118,0.11172425348500867,-0.3906252797472868,0.851622500157335,-1.442429867165339,0.4751055753566351,-2.3412266915197586,0.6855355017728302,0.03891438209290761
2023,Pegunungan Arfak,0.10520730175474398,-0.4175955109582261,0.12350549741613248,-0.3739306251049259,0.8186284099489733,-1.6039871527382918,0.5262876383362491,-2.247047571314952,0.6831038080299985,0.01486486488365153
2023,Teluk Bintuni,0.06859559029593645,-0.580338524526816,0.1882636182130091,-0.30577138373210755,0.5418142666760938,-2.245731869314882,0.8055184347355389,-1.8379494557931992,0.6739481324729921,0.11571785870057376
2023,Teluk Wondama,0.21546380194332648,-0.4215559824824647,-0.01817124553812932,-0.3620892399747028,1.7515930293648363,-1.6423459492710806,-0.07352864428930053,-2.0242739027925487,0.6809139434241372,0.09239690225818142
2023,Manokwari Selatan,0.15289774437637677,-0.37900527505801507,0.06527899887532063,-0.3809907875043814,1.2156282274847836,-1.4716650421553517,0.27761113937619547,-2.2731618016468764,0.6806752991872294,0.06303245072903223
2023,Kota Sorong,-0.027624261834740815,-0.5777286045173127,0.28379766008038365,-0.32077396434503835,-0.19835350273753957,-2.120013248745628,1.177169827221066,-1.8888232684515383,0.6722219435052349,0.013356204127694383
2023,Maybrat,0.02660887272975304,-0.5471808867325338,0.22564839456998947,-0.32810387381024364,0.200787939647864,-2.0655992239171277,0.9530218521605511,-1.96087284389231,0.676464280875007,0.10286597558166533
2023,Raja Ampat,-0.05820627127212413,-0.6985839436901286,0.3357957087712924,-0.2656552606392169,-0.4147292744799884,-2.5288430005563773,1.3765094091637988,-1.5365818984904573,0.6589705702329353,0.08730401522377819
2023,Sorong,-0.019392178595485657,-0.589311465713218,0.27809520110940134,-0.31431787172381975,-0.14098068817982903,-2.1757595836825137,1.1575771892391447,-1.855004252739549,0.6716814958768941,0.03797151939362917
2023,Sorong Selatan,0.006545813998927369,-0.5986675839528494,0.2546490957898652,-0.30664567508978596,0.04907324410081259,-2.246199354351344,1.0707120460370096,-1.8224720439457724,0.6720702499502407,0.01314157734395596
2023,Tambrauw,0.03299637342843055,-0.482644419927201,0.2079382420140072,-0.3572242503742276,0.24588376553611965,-1.8108526300362973,0.8771757462404319,-2.135323464905691,0.681543327000461,0.1024190892727915
